dataset,format,preset,input_bytes,output_bytes,compress_seconds,compress_rss_kib,decompress_seconds,decompress_rss_kib
source,zst,1,3511405,678088,0.006981,15052,0.003167,9080
source,zst,2,3511405,622708,0.007879,15780,0.003315,10688
source,zst,3,3511405,531315,0.019204,17592,0.00315,10564
source,zst,4,3511405,492327,0.060855,56480,0.003067,12660
source,zst,5,3511405,436930,0.547936,98288,0.003466,12652
source,gz,1,3511405,951854,0.007065,8692,0.003965,8504
source,gz,2,3511405,661206,0.013063,8432,0.003559,8540
source,gz,3,3511405,597033,0.025533,8464,0.003596,8552
source,gz,4,3511405,592263,0.067897,8468,0.00365,8488
source,gz,5,3511405,591997,0.048703,8764,0.003433,8496
source,xz,1,3511405,619080,0.056825,10512,0.013615,8732
source,xz,2,3511405,503032,0.116629,38228,0.011093,11924
source,xz,3,3511405,434488,0.504408,60928,0.009713,11956
source,xz,4,3511405,434488,0.579018,77380,0.010468,11872
source,xz,5,3511405,434488,0.541975,109812,0.010469,12056
source,bz2,1,3511405,557030,0.131952,8700,0.038679,7996
source,bz2,2,3511405,490072,0.131926,10008,0.039856,8928
source,bz2,3,3511405,472095,0.135888,11560,0.041792,9440
source,bz2,4,3511405,462633,0.139726,12988,0.03974,10428
source,bz2,5,3511405,451691,0.142355,14356,0.042933,11300
binary,zst,1,1287528,769434,0.004607,13148,0.002492,9044
binary,zst,2,1287528,699102,0.006141,13564,0.002468,10684
binary,zst,3,1287528,666347,0.012061,15548,0.002997,10624
binary,zst,4,1287528,658589,0.030938,54080,0.002646,10732
binary,zst,5,1287528,597286,0.157781,96072,0.003462,10668
binary,gz,1,1287528,852955,0.006511,8596,0.003754,8548
binary,gz,2,1287528,702937,0.012825,8444,0.004014,8392
binary,gz,3,1287528,692943,0.016253,8628,0.003965,8100
binary,gz,4,1287528,686596,0.032069,8372,0.00398,8584
binary,gz,5,1287528,665857,0.045551,8616,0.004036,8496
binary,xz,1,1287528,621888,0.054566,10384,0.015082,8508
binary,xz,2,1287528,597908,0.101425,27824,0.014067,9880
binary,xz,3,1287528,568744,0.212522,40312,0.013886,9856
binary,xz,4,1287528,568744,0.239892,56776,0.014841,9932
binary,xz,5,1287528,568744,0.235136,89332,0.014906,10048
binary,bz2,1,1287528,641118,0.05808,8684,0.029872,8276
binary,bz2,2,1287528,638046,0.053539,9956,0.030723,8936
binary,bz2,3,1287528,629266,0.054059,11376,0.03334,9484
binary,bz2,4,1287528,636702,0.052069,12804,0.031106,10064
binary,bz2,5,1287528,630164,0.05104,14308,0.031263,11052
precompressed,zst,1,1260092,1262120,0.002806,12752,0.001975,8808
precompressed,zst,2,1260092,1262120,0.002592,13508,0.001881,10480
precompressed,zst,3,1260092,1262120,0.002681,15768,0.00203,10536
precompressed,zst,4,1260092,1262120,0.004526,54196,0.001973,10132
precompressed,zst,5,1260092,1259992,0.068877,95868,0.00202,10276
precompressed,gz,1,1260092,1329172,0.009287,8680,0.003714,8588
precompressed,gz,2,1260092,1260100,0.013979,8356,0.002172,8012
precompressed,gz,3,1260092,1260090,0.015586,8648,0.00228,8280
precompressed,gz,4,1260092,1260089,0.014968,8448,0.002243,8060
precompressed,gz,5,1260092,1259881,0.019278,8548,0.002227,8568
precompressed,xz,1,1260092,1261128,0.098565,10032,0.002774,8696
precompressed,xz,2,1260092,1261048,0.121844,27836,0.002904,9820
precompressed,xz,3,1260092,1260924,0.160379,39956,0.004063,9880
precompressed,xz,4,1260092,1260924,0.169969,56636,0.003685,9880
precompressed,xz,5,1260092,1260924,0.1778,89588,0.003807,9888
precompressed,bz2,1,1260092,1270167,0.068027,8632,0.03359,8496
precompressed,bz2,2,1260092,1267585,0.065998,10024,0.036213,8524
precompressed,bz2,3,1260092,1267012,0.064606,11308,0.039086,9500
precompressed,bz2,4,1260092,1266822,0.065892,12404,0.039785,10496
precompressed,bz2,5,1260092,1266007,0.066661,14640,0.039729,11120
